{"_step":19,"_wandb":{"runtime":88},"_runtime":88,"_timestamp":1.7519748953591926e+09,"train_loss":0.502642303086351,"eval_accuracy":0.6299019607843137,"eval_f1":0.6565549167152831,"epoch":20,"eval_precision":0.665085496448683,"eval_recall":0.6618788134619294}