{"test_precision_engine_idling":0.6419753086419753,"test_recall_air_conditioner":0.75,"test_recall_macro":0.6864143892284681,"test_recall_children_playing":0.81,"test_recall_drilling":0.63,"test_precision_children_playing":0.4602272727272727,"test_precision_dog_bark":0.8805970149253731,"test_f1_gun_shot":0.9375,"test_f1_dog_bark":0.7065868263473054,"test_precision_street_music":0.7230769230769231,"test_f1_siren":0.6056338028169014,"test_precision_macro":0.7203590427071855,"test_recall_jackhammer":0.78125,"test_accuracy":0.6594982078853047,"_wandb":{"runtime":0},"test_precision_gun_shot":0.9375,"test_recall_engine_idling":0.5591397849462365,"test_recall_siren":0.5180722891566265,"test_f1_air_conditioner":0.6437768240343348,"test_f1_children_playing":0.5869565217391305,"_timestamp":1.751974442718819e+09,"test_recall_gun_shot":0.9375,"_step":11,"test_precision_siren":0.7288135593220338,"test_recall_weighted":0.6594982078853047,"test_recall_street_music":0.47,"test_precision_drilling":0.6428571428571429,"test_precision_weighted":0.6949598527699192,"test_f1_street_music":0.5696969696969697,"test_precision_jackhammer":0.8064516129032258,"test_f1_drilling":0.6363636363636364,"test_precision_car_horn":0.8181818181818182,"test_f1_weighted":0.6611497808111929,"confusion_matrix":{"width":1384,"height":1181,"_type":"image-file","sha256":"3357a6b1b95685717e1cf16cd50978fdc35d6917e94b86d6cc0b5f3aadf03dda","size":99565,"path":"media/images/confusion_matrix_11_3357a6b1b95685717e1c.png","format":"png"},"test_recall_car_horn":0.8181818181818182,"test_f1_car_horn":0.8181818181818182,"test_f1_engine_idling":0.5977011494252874,"test_f1_jackhammer":0.7936507936507936,"test_precision_air_conditioner":0.5639097744360902,"test_recall_dog_bark":0.59,"test_f1_macro":0.6896048342256177,"_runtime":0}