{"_timestamp":1.7519121320716622e+09,"_wandb":{"runtime":0},"_runtime":0,"_step":0,"test_accuracy":0.6403823178016727,"test_precision":0.6964001478703996,"test_recall":0.6645928199601926}