{"test_precision_children_playing":0.36416184971098264,"test_f1_engine_idling":0.45226130653266333,"test_recall_drilling":0.64,"test_recall_children_playing":0.63,"_step":11,"test_recall_street_music":0.58,"test_f1_air_conditioner":0.5660377358490566,"test_recall_car_horn":0.8787878787878788,"test_recall_jackhammer":0.6354166666666666,"_timestamp":1.751975037679883e+09,"test_f1_street_music":0.655367231638418,"test_f1_siren":0.49206349206349204,"_runtime":0,"test_precision_gun_shot":0.7317073170731707,"test_f1_car_horn":0.7532467532467533,"test_f1_children_playing":0.46153846153846156,"test_precision_car_horn":0.6590909090909091,"test_recall_gun_shot":0.9375,"test_precision_weighted":0.6424145270601287,"test_f1_drilling":0.6632124352331606,"test_f1_jackhammer":0.6524064171122995,"test_precision_dog_bark":0.9473684210526315,"test_precision_drilling":0.6881720430107527,"test_precision_street_music":0.7532467532467533,"test_precision_air_conditioner":0.5357142857142857,"test_f1_macro":0.6205949730605458,"test_f1_weighted":0.5974868523952831,"test_precision_jackhammer":0.6703296703296703,"confusion_matrix":{"sha256":"1d897f4dc9b3e6db83145004324f7806e50b4fa1fbfe5fa0da0750020f921492","size":101429,"path":"media/images/confusion_matrix_11_1d897f4dc9b3e6db8314.png","format":"png","width":1384,"height":1181,"_type":"image-file"},"test_recall_dog_bark":0.54,"test_precision_engine_idling":0.42452830188679247,"test_precision_siren":0.7209302325581395,"test_recall_macro":0.6299069489100095,"test_recall_weighted":0.5913978494623656,"_wandb":{"runtime":0},"test_accuracy":0.5913978494623656,"test_f1_dog_bark":0.6878980891719745,"test_f1_gun_shot":0.821917808219178,"test_recall_engine_idling":0.4838709677419355,"test_recall_air_conditioner":0.6,"test_precision_macro":0.6495249783674086,"test_recall_siren":0.37349397590361444}