{"train_loss":0.3657071392723759,"_timestamp":1.751974354949464e+09,"_runtime":73,"_step":19,"epoch":20,"eval_accuracy":0.6617647058823529,"eval_precision":0.7020886136546365,"_wandb":{"runtime":73},"eval_f1":0.6768938753347384,"eval_recall":0.6823670636674654}