{"test_precision_children_playing":0.45161290322580644,"test_recall_weighted":0.6427718040621266,"test_f1_jackhammer":0.5780346820809249,"test_f1_air_conditioner":0.6507936507936508,"test_recall_siren":0.43373493975903615,"test_f1_engine_idling":0.5521472392638037,"test_recall_drilling":0.76,"test_recall_dog_bark":0.65,"test_recall_air_conditioner":0.82,"test_recall_car_horn":0.8484848484848485,"test_f1_dog_bark":0.7602339181286549,"test_accuracy":0.6427718040621266,"test_precision_jackhammer":0.6493506493506493,"test_recall_jackhammer":0.5208333333333334,"test_f1_gun_shot":0.9508196721311475,"test_precision_weighted":0.6812982643041616,"test_precision_car_horn":0.7,"test_precision_engine_idling":0.6428571428571429,"test_f1_siren":0.5333333333333333,"test_f1_macro":0.6700746288948322,"test_precision_drilling":0.6229508196721312,"test_f1_weighted":0.643701069111236,"test_precision_dog_bark":0.9154929577464789,"_runtime":0,"_step":11,"_timestamp":1.7519749127597952e+09,"test_precision_siren":0.6923076923076923,"test_f1_drilling":0.6846846846846847,"test_f1_children_playing":0.5490196078431373,"test_recall_engine_idling":0.4838709677419355,"test_precision_street_music":0.8260869565217391,"test_precision_air_conditioner":0.5394736842105263,"test_recall_macro":0.6693174089319154,"test_recall_gun_shot":0.90625,"test_recall_children_playing":0.7,"test_recall_street_music":0.57,"test_f1_car_horn":0.7671232876712328,"test_precision_macro":0.7040132805892168,"test_precision_gun_shot":1,"test_f1_street_music":0.6745562130177515,"confusion_matrix":{"width":1384,"height":1181,"_type":"image-file","sha256":"75c7e46aa2a872582a5804aeb72eba557cad65a7e3b26e84688d850a02880567","size":101521,"path":"media/images/confusion_matrix_11_75c7e46aa2a872582a58.png","format":"png"},"_wandb":{"runtime":0}}